1,demonic black tabby cat with thin eyes and sharp face
2,demonic white tabby cat with thin eyes and sharp face
3,demonic black tabby cat with thin eyes and sharp face
4,demonic white short-haired cat with thin eyes and sharp face
5,demonic white long-haired cat with thin eyes and sharp face
6,demonic black long-haired cat with thin eyes and sharp face
7,demonic white spotted cat with thin eyes and sharp face
8,demonic white long-haired cat with thin eyes and sharp face
9,demonic white striped cat with thin eyes and sharp face
10,demonic black spotted cat with thin eyes and sharp face
11,demonic black spotted cat with thin eyes and sharp face
12,demonic white long-haired cat with thin eyes and sharp face
13,demonic white striped cat with thin eyes and sharp face
14,demonic black long-haired cat with thin eyes and sharp face
15,demonic black striped cat with thin eyes and sharp face
16,demonic white tabby cat with thin eyes and sharp face
17,demonic white tabby cat with thin eyes and sharp face
18,demonic white striped cat with thin eyes and sharp face
19,demonic white spotted cat with thin eyes and sharp face
20,demonic white striped cat with thin eyes and sharp face
21,demonic white spotted cat with thin eyes and sharp face
22,demonic white short-haired cat with thin eyes and sharp face
23,demonic white spotted cat with thin eyes and sharp face
24,demonic white short-haired cat with thin eyes and sharp face
25,demonic white short-haired cat with thin eyes and sharp face
26,demonic white tabby cat with thin eyes and sharp face
27,demonic black striped cat with thin eyes and sharp face
28,demonic black tabby cat with thin eyes and sharp face
29,demonic white short-haired cat with thin eyes and sharp face
30,demonic white long-haired cat with thin eyes and sharp face
31,demonic white tabby cat with thin eyes and sharp face
32,demonic black tabby cat with thin eyes and sharp face
33,demonic white short-haired cat with thin eyes and sharp face
34,demonic white long-haired cat with thin eyes and sharp face
35,demonic black tabby cat with thin eyes and sharp face
36,demonic white short-haired cat with thin eyes and sharp face
37,demonic white striped cat with thin eyes and sharp face
38,demonic black striped cat with thin eyes and sharp face
39,demonic black short-haired cat with thin eyes and sharp face
40,demonic white striped cat with thin eyes and sharp face
41,demonic white long-haired cat with thin eyes and sharp face
42,demonic black short-haired cat with thin eyes and sharp face
43,demonic black spotted cat with thin eyes and sharp face
44,demonic black tabby cat with thin eyes and sharp face
45,demonic black striped cat with thin eyes and sharp face
46,demonic white spotted cat with thin eyes and sharp face
47,demonic black short-haired cat with thin eyes and sharp face
48,demonic black striped cat with thin eyes and sharp face
49,demonic white tabby cat with thin eyes and sharp face
50,demonic black spotted cat with thin eyes and sharp face
51,cute white short-haired cat with round eyes and round face
52,cute white spotted cat with round eyes and round face
53,cute white striped cat with round eyes and round face
54,cute white striped cat with round eyes and round face
55,cute black striped cat with round eyes and round face
56,cute black long-haired cat with round eyes and round face
57,cute black striped cat with round eyes and round face
58,cute white striped cat with round eyes and round face
59,cute white short-haired cat with round eyes and round face
60,cute black striped cat with round eyes and round face
61,cute black short-haired cat with round eyes and round face
62,cute white spotted cat with round eyes and round face
63,cute white tabby cat with round eyes and round face
64,cute white long-haired cat with round eyes and round face
65,cute black striped cat with round eyes and round face
66,cute white spotted cat with round eyes and round face
67,cute white striped cat with round eyes and round face
68,cute white striped cat with round eyes and round face
69,cute white tabby cat with round eyes and round face
70,cute white short-haired cat with round eyes and round face
71,cute white short-haired cat with round eyes and round face
72,cute black spotted cat with round eyes and round face
73,cute black tabby cat with round eyes and round face
74,cute black long-haired cat with round eyes and round face
75,cute white short-haired cat with round eyes and round face
76,cute white short-haired cat with round eyes and round face
77,cute black short-haired cat with round eyes and round face
78,cute white striped cat with round eyes and round face
79,cute black short-haired cat with round eyes and round face
80,cute black tabby cat with round eyes and round face
81,cute black tabby cat with round eyes and round face
82,cute white tabby cat with round eyes and round face
83,cute white long-haired cat with round eyes and round face
84,cute white spotted cat with round eyes and round face
85,cute white tabby cat with round eyes and round face
86,cute black short-haired cat with round eyes and round face
87,cute black striped cat with round eyes and round face
88,cute white tabby cat with round eyes and round face
89,cute white striped cat with round eyes and round face
90,cute white striped cat with round eyes and round face
91,cute black tabby cat with round eyes and round face
92,cute black spotted cat with round eyes and round face
93,cute white long-haired cat with round eyes and round face
94,cute white short-haired cat with round eyes and round face
95,cute white tabby cat with round eyes and round face
96,cute black tabby cat with round eyes and round face
97,cute black short-haired cat with round eyes and round face
98,cute white tabby cat with round eyes and round face
99,cute black long-haired cat with round eyes and round face
100,cute black spotted cat with round eyes and round face
